{"search":"","showTags":true,"showAttachments":true,"hideUnresolved":true,"showOrphans":true,"showArrow":true,"textFadeMultiplier":-3,"nodeSizeMultiplier":1.97621137640449,"lineSizeMultiplier":2.14690170940171,"centerStrength":0.290998931623932,"repelStrength":11.0042735042735,"linkStrength":0.313434829059829,"linkDistance":238,"scale":0.27930890254723895}