{"search":"","showTags":false,"showAttachments":true,"hideUnresolved":true,"showOrphans":true,"showArrow":true,"textFadeMultiplier":-3,"nodeSizeMultiplier":1.7876469017094,"lineSizeMultiplier":3.06172542735043,"centerStrength":0.290998931623932,"repelStrength":11.0042735042735,"linkStrength":0.313434829059829,"linkDistance":238,"scale":0.28606126270884785}