{"search":"","showTags":true,"showAttachments":true,"hideUnresolved":true,"showOrphans":true,"showArrow":true,"textFadeMultiplier":-3,"nodeSizeMultiplier":1.49446980337079,"lineSizeMultiplier":2.52505266853933,"centerStrength":0.416933760683761,"repelStrength":14.0224358974359,"linkStrength":0.313434829059829,"linkDistance":500,"scale":0.11206017812630448}