{"search":"","showTags":true,"showAttachments":true,"hideUnresolved":true,"showOrphans":true,"showArrow":true,"textFadeMultiplier":-3,"nodeSizeMultiplier":2.49241452991453,"lineSizeMultiplier":1.36557158119658,"centerStrength":0.290998931623932,"repelStrength":11.0042735042735,"linkStrength":0.313434829059829,"linkDistance":238,"scale":0.1610436448343067}